"last_change_date","rows_count","barcodes_count","warehouses_count","total_stock","is_valid_snapshot","year","week_start_date","week","month_year","month_start_date","month_number","quarter_start_date","quarter_number","quarter","day","day_month","previous_day_snapshot_date","previous_week_snapshot_date","previous_month_snapshot_date","previous_quarter_snapshot_date","date_code","week_code","month_code","quarter_code"
"2022-03-26",1,1,1,1,0,2022,"2022-03-21","21.03","March 2022","2022-03-01",3,"2022-01-01",1,"Q1 2022",26,"26.03",NULL,NULL,NULL,NULL,20220326,20220321,202203,20221
"2022-03-27",2,2,1,320,0,2022,"2022-03-21","21.03","March 2022","2022-03-01",3,"2022-01-01",1,"Q1 2022",27,"27.03",NULL,NULL,NULL,NULL,20220327,20220321,202203,20221
"2022-04-04",17,16,7,0,0,2022,"2022-04-04","04.04","April 2022","2022-04-01",4,"2022-04-01",2,"Q2 2022",4,"04.04",NULL,NULL,NULL,NULL,20220404,20220404,202204,20222
"2022-04-05",35,32,7,0,0,2022,"2022-04-04","04.04","April 2022","2022-04-01",4,"2022-04-01",2,"Q2 2022",5,"05.04",NULL,NULL,NULL,NULL,20220405,20220404,202204,20222
"2022-04-06",23,22,8,0,0,2022,"2022-04-04","04.04","April 2022","2022-04-01",4,"2022-04-01",2,"Q2 2022",6,"06.04",NULL,NULL,NULL,NULL,20220406,20220404,202204,20222
"2022-04-07",979,292,10,149780,1,2022,"2022-04-04","04.04","April 2022","2022-04-01",4,"2022-04-01",2,"Q2 2022",7,"07.04",NULL,NULL,NULL,NULL,20220407,20220404,202204,20222
"2022-04-08",983,292,10,73809,1,2022,"2022-04-04","04.04","April 2022","2022-04-01",4,"2022-04-01",2,"Q2 2022",8,"08.04","2022-04-07",NULL,NULL,NULL,20220408,20220404,202204,20222
"2022-04-09",1002,292,10,75497,1,2022,"2022-04-04","04.04","April 2022","2022-04-01",4,"2022-04-01",2,"Q2 2022",9,"09.04","2022-04-08",NULL,NULL,NULL,20220409,20220404,202204,20222
"2022-04-10",1017,292,10,74225,1,2022,"2022-04-04","04.04","April 2022","2022-04-01",4,"2022-04-01",2,"Q2 2022",10,"10.04","2022-04-09",NULL,NULL,NULL,20220410,20220404,202204,20222
"2022-04-11",1020,292,10,73696,1,2022,"2022-04-11","11.04","April 2022","2022-04-01",4,"2022-04-01",2,"Q2 2022",11,"11.04","2022-04-10","2022-04-10",NULL,NULL,20220411,20220411,202204,20222
"2022-04-12",1011,293,10,72479,1,2022,"2022-04-11","11.04","April 2022","2022-04-01",4,"2022-04-01",2,"Q2 2022",12,"12.04","2022-04-11","2022-04-10",NULL,NULL,20220412,20220411,202204,20222
"2022-04-13",1020,292,10,74196,1,2022,"2022-04-11","11.04","April 2022","2022-04-01",4,"2022-04-01",2,"Q2 2022",13,"13.04","2022-04-12","2022-04-10",NULL,NULL,20220413,20220411,202204,20222
"2022-04-14",1015,292,10,73134,1,2022,"2022-04-11","11.04","April 2022","2022-04-01",4,"2022-04-01",2,"Q2 2022",14,"14.04","2022-04-13","2022-04-10",NULL,NULL,20220414,20220411,202204,20222
"2022-04-16",995,292,10,221574,1,2022,"2022-04-11","11.04","April 2022","2022-04-01",4,"2022-04-01",2,"Q2 2022",16,"16.04","2022-04-14","2022-04-10",NULL,NULL,20220416,20220411,202204,20222
"2022-04-20",1,1,1,110,0,2022,"2022-04-18","18.04","April 2022","2022-04-01",4,"2022-04-01",2,"Q2 2022",20,"20.04","2022-04-16","2022-04-16",NULL,NULL,20220420,20220418,202204,20222
"2022-04-28",1,1,1,186,1,2022,"2022-04-25","25.04","April 2022","2022-04-01",4,"2022-04-01",2,"Q2 2022",28,"28.04","2022-04-16",NULL,NULL,NULL,20220428,20220425,202204,20222
"2022-05-17",724,293,7,125806,1,2022,"2022-05-16","16.05","May 2022","2022-05-01",5,"2022-04-01",2,"Q2 2022",17,"17.05","2022-04-28",NULL,"2022-04-28",NULL,20220517,20220516,202205,20222
"2022-05-18",724,296,7,124658,1,2022,"2022-05-16","16.05","May 2022","2022-05-01",5,"2022-04-01",2,"Q2 2022",18,"18.05","2022-05-17",NULL,"2022-04-28",NULL,20220518,20220516,202205,20222
"2022-05-19",719,296,7,61549,1,2022,"2022-05-16","16.05","May 2022","2022-05-01",5,"2022-04-01",2,"Q2 2022",19,"19.05","2022-05-18",NULL,"2022-04-28",NULL,20220519,20220516,202205,20222
"2022-05-20",717,296,7,60593,1,2022,"2022-05-16","16.05","May 2022","2022-05-01",5,"2022-04-01",2,"Q2 2022",20,"20.05","2022-05-19",NULL,"2022-04-28",NULL,20220520,20220516,202205,20222
"2022-05-21",730,298,8,59566,1,2022,"2022-05-16","16.05","May 2022","2022-05-01",5,"2022-04-01",2,"Q2 2022",21,"21.05","2022-05-20",NULL,"2022-04-28",NULL,20220521,20220516,202205,20222
"2022-05-22",772,313,9,60999,1,2022,"2022-05-16","16.05","May 2022","2022-05-01",5,"2022-04-01",2,"Q2 2022",22,"22.05","2022-05-21",NULL,"2022-04-28",NULL,20220522,20220516,202205,20222
"2022-05-23",818,323,9,125430,1,2022,"2022-05-23","23.05","May 2022","2022-05-01",5,"2022-04-01",2,"Q2 2022",23,"23.05","2022-05-22","2022-05-22","2022-04-28",NULL,20220523,20220523,202205,20222
"2022-05-24",832,323,9,62656,1,2022,"2022-05-23","23.05","May 2022","2022-05-01",5,"2022-04-01",2,"Q2 2022",24,"24.05","2022-05-23","2022-05-22","2022-04-28",NULL,20220524,20220523,202205,20222
"2022-05-25",839,323,9,63936,1,2022,"2022-05-23","23.05","May 2022","2022-05-01",5,"2022-04-01",2,"Q2 2022",25,"25.05","2022-05-24","2022-05-22","2022-04-28",NULL,20220525,20220523,202205,20222
"2022-05-26",831,322,9,63006,1,2022,"2022-05-23","23.05","May 2022","2022-05-01",5,"2022-04-01",2,"Q2 2022",26,"26.05","2022-05-25","2022-05-22","2022-04-28",NULL,20220526,20220523,202205,20222
"2022-05-27",823,321,9,62906,1,2022,"2022-05-23","23.05","May 2022","2022-05-01",5,"2022-04-01",2,"Q2 2022",27,"27.05","2022-05-26","2022-05-22","2022-04-28",NULL,20220527,20220523,202205,20222
"2022-05-28",866,320,9,63503,1,2022,"2022-05-23","23.05","May 2022","2022-05-01",5,"2022-04-01",2,"Q2 2022",28,"28.05","2022-05-27","2022-05-22","2022-04-28",NULL,20220528,20220523,202205,20222
"2022-05-29",861,321,9,62755,1,2022,"2022-05-23","23.05","May 2022","2022-05-01",5,"2022-04-01",2,"Q2 2022",29,"29.05","2022-05-28","2022-05-22","2022-04-28",NULL,20220529,20220523,202205,20222
"2022-05-30",875,321,9,61804,1,2022,"2022-05-30","30.05","May 2022","2022-05-01",5,"2022-04-01",2,"Q2 2022",30,"30.05","2022-05-29","2022-05-29","2022-04-28",NULL,20220530,20220530,202205,20222
"2022-05-31",18,17,6,0,0,2022,"2022-05-30","30.05","May 2022","2022-05-01",5,"2022-04-01",2,"Q2 2022",31,"31.05","2022-05-30","2022-05-29","2022-04-28",NULL,20220531,20220530,202205,20222
"2022-06-01",874,319,9,125604,1,2022,"2022-05-30","30.05","June 2022","2022-06-01",6,"2022-04-01",2,"Q2 2022",1,"01.06","2022-05-30","2022-05-29","2022-05-30",NULL,20220601,20220530,202206,20222
"2022-06-02",875,329,9,63781,1,2022,"2022-05-30","30.05","June 2022","2022-06-01",6,"2022-04-01",2,"Q2 2022",2,"02.06","2022-06-01","2022-05-29","2022-05-30",NULL,20220602,20220530,202206,20222
"2022-06-03",878,329,9,63014,1,2022,"2022-05-30","30.05","June 2022","2022-06-01",6,"2022-04-01",2,"Q2 2022",3,"03.06","2022-06-02","2022-05-29","2022-05-30",NULL,20220603,20220530,202206,20222
"2022-06-04",869,329,9,62880,1,2022,"2022-05-30","30.05","June 2022","2022-06-01",6,"2022-04-01",2,"Q2 2022",4,"04.06","2022-06-03","2022-05-29","2022-05-30",NULL,20220604,20220530,202206,20222
"2022-06-05",858,324,9,60945,1,2022,"2022-05-30","30.05","June 2022","2022-06-01",6,"2022-04-01",2,"Q2 2022",5,"05.06","2022-06-04","2022-05-29","2022-05-30",NULL,20220605,20220530,202206,20222
"2022-06-06",865,324,8,59908,1,2022,"2022-06-06","06.06","June 2022","2022-06-01",6,"2022-04-01",2,"Q2 2022",6,"06.06","2022-06-05","2022-06-05","2022-05-30",NULL,20220606,20220606,202206,20222
"2022-06-07",881,323,8,61581,1,2022,"2022-06-06","06.06","June 2022","2022-06-01",6,"2022-04-01",2,"Q2 2022",7,"07.06","2022-06-06","2022-06-05","2022-05-30",NULL,20220607,20220606,202206,20222
"2022-06-08",888,323,8,59896,1,2022,"2022-06-06","06.06","June 2022","2022-06-01",6,"2022-04-01",2,"Q2 2022",8,"08.06","2022-06-07","2022-06-05","2022-05-30",NULL,20220608,20220606,202206,20222
"2022-06-09",884,327,8,59865,1,2022,"2022-06-06","06.06","June 2022","2022-06-01",6,"2022-04-01",2,"Q2 2022",9,"09.06","2022-06-08","2022-06-05","2022-05-30",NULL,20220609,20220606,202206,20222
"2022-06-10",895,325,8,59490,1,2022,"2022-06-06","06.06","June 2022","2022-06-01",6,"2022-04-01",2,"Q2 2022",10,"10.06","2022-06-09","2022-06-05","2022-05-30",NULL,20220610,20220606,202206,20222
"2022-06-11",896,322,8,59561,1,2022,"2022-06-06","06.06","June 2022","2022-06-01",6,"2022-04-01",2,"Q2 2022",11,"11.06","2022-06-10","2022-06-05","2022-05-30",NULL,20220611,20220606,202206,20222
"2022-06-12",882,322,8,58327,1,2022,"2022-06-06","06.06","June 2022","2022-06-01",6,"2022-04-01",2,"Q2 2022",12,"12.06","2022-06-11","2022-06-05","2022-05-30",NULL,20220612,20220606,202206,20222
"2022-06-13",880,323,8,57077,1,2022,"2022-06-13","13.06","June 2022","2022-06-01",6,"2022-04-01",2,"Q2 2022",13,"13.06","2022-06-12","2022-06-12","2022-05-30",NULL,20220613,20220613,202206,20222
"2022-06-14",890,323,8,56602,1,2022,"2022-06-13","13.06","June 2022","2022-06-01",6,"2022-04-01",2,"Q2 2022",14,"14.06","2022-06-13","2022-06-12","2022-05-30",NULL,20220614,20220613,202206,20222
"2022-06-15",914,327,8,56628,1,2022,"2022-06-13","13.06","June 2022","2022-06-01",6,"2022-04-01",2,"Q2 2022",15,"15.06","2022-06-14","2022-06-12","2022-05-30",NULL,20220615,20220613,202206,20222
"2022-06-16",928,332,10,59487,1,2022,"2022-06-13","13.06","June 2022","2022-06-01",6,"2022-04-01",2,"Q2 2022",16,"16.06","2022-06-15","2022-06-12","2022-05-30",NULL,20220616,20220613,202206,20222
"2022-06-17",928,332,10,60374,1,2022,"2022-06-13","13.06","June 2022","2022-06-01",6,"2022-04-01",2,"Q2 2022",17,"17.06","2022-06-16","2022-06-12","2022-05-30",NULL,20220617,20220613,202206,20222
"2022-06-18",910,328,10,57481,1,2022,"2022-06-13","13.06","June 2022","2022-06-01",6,"2022-04-01",2,"Q2 2022",18,"18.06","2022-06-17","2022-06-12","2022-05-30",NULL,20220618,20220613,202206,20222
"2022-06-19",914,328,10,56759,1,2022,"2022-06-13","13.06","June 2022","2022-06-01",6,"2022-04-01",2,"Q2 2022",19,"19.06","2022-06-18","2022-06-12","2022-05-30",NULL,20220619,20220613,202206,20222
"2022-06-20",914,330,10,55641,1,2022,"2022-06-20","20.06","June 2022","2022-06-01",6,"2022-04-01",2,"Q2 2022",20,"20.06","2022-06-19","2022-06-19","2022-05-30",NULL,20220620,20220620,202206,20222
"2022-06-21",924,329,10,110607,1,2022,"2022-06-20","20.06","June 2022","2022-06-01",6,"2022-04-01",2,"Q2 2022",21,"21.06","2022-06-20","2022-06-19","2022-05-30",NULL,20220621,20220620,202206,20222
"2022-06-23",925,340,10,54662,1,2022,"2022-06-20","20.06","June 2022","2022-06-01",6,"2022-04-01",2,"Q2 2022",23,"23.06","2022-06-21","2022-06-19","2022-05-30",NULL,20220623,20220620,202206,20222
"2022-06-24",878,336,10,52068,1,2022,"2022-06-20","20.06","June 2022","2022-06-01",6,"2022-04-01",2,"Q2 2022",24,"24.06","2022-06-23","2022-06-19","2022-05-30",NULL,20220624,20220620,202206,20222
"2022-06-25",880,336,9,51652,1,2022,"2022-06-20","20.06","June 2022","2022-06-01",6,"2022-04-01",2,"Q2 2022",25,"25.06","2022-06-24","2022-06-19","2022-05-30",NULL,20220625,20220620,202206,20222
"2022-06-26",872,335,9,50008,1,2022,"2022-06-20","20.06","June 2022","2022-06-01",6,"2022-04-01",2,"Q2 2022",26,"26.06","2022-06-25","2022-06-19","2022-05-30",NULL,20220626,20220620,202206,20222
"2022-06-27",870,335,9,48949,1,2022,"2022-06-27","27.06","June 2022","2022-06-01",6,"2022-04-01",2,"Q2 2022",27,"27.06","2022-06-26","2022-06-26","2022-05-30",NULL,20220627,20220627,202206,20222
"2022-06-28",860,334,10,48597,1,2022,"2022-06-27","27.06","June 2022","2022-06-01",6,"2022-04-01",2,"Q2 2022",28,"28.06","2022-06-27","2022-06-26","2022-05-30",NULL,20220628,20220627,202206,20222
"2022-06-29",23,20,7,2233,0,2022,"2022-06-27","27.06","June 2022","2022-06-01",6,"2022-04-01",2,"Q2 2022",29,"29.06","2022-06-28","2022-06-26","2022-05-30",NULL,20220629,20220627,202206,20222
"2022-06-30",876,339,10,121986,1,2022,"2022-06-27","27.06","June 2022","2022-06-01",6,"2022-04-01",2,"Q2 2022",30,"30.06","2022-06-28","2022-06-26","2022-05-30",NULL,20220630,20220627,202206,20222
"2022-07-01",884,342,10,62658,1,2022,"2022-06-27","27.06","July 2022","2022-07-01",7,"2022-07-01",3,"Q3 2022",1,"01.07","2022-06-30","2022-06-26","2022-06-30","2022-06-30",20220701,20220627,202207,20223
"2022-07-02",887,339,9,234298,1,2022,"2022-06-27","27.06","July 2022","2022-07-01",7,"2022-07-01",3,"Q3 2022",2,"02.07","2022-07-01","2022-06-26","2022-06-30","2022-06-30",20220702,20220627,202207,20223
"2022-07-05",941,340,10,119946,1,2022,"2022-07-04","04.07","July 2022","2022-07-01",7,"2022-07-01",3,"Q3 2022",5,"05.07","2022-07-02","2022-07-02","2022-06-30","2022-06-30",20220705,20220704,202207,20223
"2022-07-08",942,352,10,121249,1,2022,"2022-07-04","04.07","July 2022","2022-07-01",7,"2022-07-01",3,"Q3 2022",8,"08.07","2022-07-05","2022-07-02","2022-06-30","2022-06-30",20220708,20220704,202207,20223
"2022-07-09",905,347,10,56476,1,2022,"2022-07-04","04.07","July 2022","2022-07-01",7,"2022-07-01",3,"Q3 2022",9,"09.07","2022-07-08","2022-07-02","2022-06-30","2022-06-30",20220709,20220704,202207,20223
"2022-07-10",880,341,10,54342,1,2022,"2022-07-04","04.07","July 2022","2022-07-01",7,"2022-07-01",3,"Q3 2022",10,"10.07","2022-07-09","2022-07-02","2022-06-30","2022-06-30",20220710,20220704,202207,20223
"2022-07-11",870,341,10,52828,1,2022,"2022-07-11","11.07","July 2022","2022-07-01",7,"2022-07-01",3,"Q3 2022",11,"11.07","2022-07-10","2022-07-10","2022-06-30","2022-06-30",20220711,20220711,202207,20223
"2022-07-12",879,346,10,56149,1,2022,"2022-07-11","11.07","July 2022","2022-07-01",7,"2022-07-01",3,"Q3 2022",12,"12.07","2022-07-11","2022-07-10","2022-06-30","2022-06-30",20220712,20220711,202207,20223
"2022-07-13",859,342,10,52891,1,2022,"2022-07-11","11.07","July 2022","2022-07-01",7,"2022-07-01",3,"Q3 2022",13,"13.07","2022-07-12","2022-07-10","2022-06-30","2022-06-30",20220713,20220711,202207,20223
"2022-07-14",849,338,10,50421,1,2022,"2022-07-11","11.07","July 2022","2022-07-01",7,"2022-07-01",3,"Q3 2022",14,"14.07","2022-07-13","2022-07-10","2022-06-30","2022-06-30",20220714,20220711,202207,20223
"2022-07-15",46,25,7,3328,0,2022,"2022-07-11","11.07","July 2022","2022-07-01",7,"2022-07-01",3,"Q3 2022",15,"15.07","2022-07-14","2022-07-10","2022-06-30","2022-06-30",20220715,20220711,202207,20223
"2022-07-16",885,339,10,173521,1,2022,"2022-07-11","11.07","July 2022","2022-07-01",7,"2022-07-01",3,"Q3 2022",16,"16.07","2022-07-14","2022-07-10","2022-06-30","2022-06-30",20220716,20220711,202207,20223
"2022-07-18",37,31,8,2204,0,2022,"2022-07-18","18.07","July 2022","2022-07-01",7,"2022-07-01",3,"Q3 2022",18,"18.07","2022-07-16","2022-07-16","2022-06-30","2022-06-30",20220718,20220718,202207,20223
"2022-07-19",930,339,10,65865,1,2022,"2022-07-18","18.07","July 2022","2022-07-01",7,"2022-07-01",3,"Q3 2022",19,"19.07","2022-07-16","2022-07-16","2022-06-30","2022-06-30",20220719,20220718,202207,20223
"2022-07-20",898,340,10,56635,1,2022,"2022-07-18","18.07","July 2022","2022-07-01",7,"2022-07-01",3,"Q3 2022",20,"20.07","2022-07-19","2022-07-16","2022-06-30","2022-06-30",20220720,20220718,202207,20223
"2022-07-21",892,338,10,107907,1,2022,"2022-07-18","18.07","July 2022","2022-07-01",7,"2022-07-01",3,"Q3 2022",21,"21.07","2022-07-20","2022-07-16","2022-06-30","2022-06-30",20220721,20220718,202207,20223
"2022-07-22",63,29,8,5730,0,2022,"2022-07-18","18.07","July 2022","2022-07-01",7,"2022-07-01",3,"Q3 2022",22,"22.07","2022-07-21","2022-07-16","2022-06-30","2022-06-30",20220722,20220718,202207,20223
"2022-07-23",878,338,10,107270,1,2022,"2022-07-18","18.07","July 2022","2022-07-01",7,"2022-07-01",3,"Q3 2022",23,"23.07","2022-07-21","2022-07-16","2022-06-30","2022-06-30",20220723,20220718,202207,20223
"2022-07-24",888,343,10,57516,1,2022,"2022-07-18","18.07","July 2022","2022-07-01",7,"2022-07-01",3,"Q3 2022",24,"24.07","2022-07-23","2022-07-16","2022-06-30","2022-06-30",20220724,20220718,202207,20223
"2022-07-25",884,337,10,55490,1,2022,"2022-07-25","25.07","July 2022","2022-07-01",7,"2022-07-01",3,"Q3 2022",25,"25.07","2022-07-24","2022-07-24","2022-06-30","2022-06-30",20220725,20220725,202207,20223
"2022-07-26",920,340,10,57895,1,2022,"2022-07-25","25.07","July 2022","2022-07-01",7,"2022-07-01",3,"Q3 2022",26,"26.07","2022-07-25","2022-07-24","2022-06-30","2022-06-30",20220726,20220725,202207,20223
"2022-07-27",877,346,10,55075,1,2022,"2022-07-25","25.07","July 2022","2022-07-01",7,"2022-07-01",3,"Q3 2022",27,"27.07","2022-07-26","2022-07-24","2022-06-30","2022-06-30",20220727,20220725,202207,20223
"2022-07-28",883,344,10,110166,1,2022,"2022-07-25","25.07","July 2022","2022-07-01",7,"2022-07-01",3,"Q3 2022",28,"28.07","2022-07-27","2022-07-24","2022-06-30","2022-06-30",20220728,20220725,202207,20223
"2022-07-29",63,33,8,3764,0,2022,"2022-07-25","25.07","July 2022","2022-07-01",7,"2022-07-01",3,"Q3 2022",29,"29.07","2022-07-28","2022-07-24","2022-06-30","2022-06-30",20220729,20220725,202207,20223
"2022-07-30",45,35,7,4698,0,2022,"2022-07-25","25.07","July 2022","2022-07-01",7,"2022-07-01",3,"Q3 2022",30,"30.07","2022-07-28","2022-07-24","2022-06-30","2022-06-30",20220730,20220725,202207,20223
"2022-07-31",871,343,10,224837,1,2022,"2022-07-25","25.07","July 2022","2022-07-01",7,"2022-07-01",3,"Q3 2022",31,"31.07","2022-07-28","2022-07-24","2022-06-30","2022-06-30",20220731,20220725,202207,20223
"2022-08-02",107,46,10,7775,0,2022,"2022-08-01","01.08","August 2022","2022-08-01",8,"2022-07-01",3,"Q3 2022",2,"02.08","2022-07-31","2022-07-31","2022-07-31","2022-06-30",20220802,20220801,202208,20223
"2022-08-03",847,339,10,61910,1,2022,"2022-08-01","01.08","August 2022","2022-08-01",8,"2022-07-01",3,"Q3 2022",3,"03.08","2022-07-31","2022-07-31","2022-07-31","2022-06-30",20220803,20220801,202208,20223
"2022-08-04",877,345,10,120954,1,2022,"2022-08-01","01.08","August 2022","2022-08-01",8,"2022-07-01",3,"Q3 2022",4,"04.08","2022-08-03","2022-07-31","2022-07-31","2022-06-30",20220804,20220801,202208,20223
"2022-08-05",946,354,10,70643,1,2022,"2022-08-01","01.08","August 2022","2022-08-01",8,"2022-07-01",3,"Q3 2022",5,"05.08","2022-08-04","2022-07-31","2022-07-31","2022-06-30",20220805,20220801,202208,20223
"2022-08-06",53,35,9,3597,0,2022,"2022-08-01","01.08","August 2022","2022-08-01",8,"2022-07-01",3,"Q3 2022",6,"06.08","2022-08-05","2022-07-31","2022-07-31","2022-06-30",20220806,20220801,202208,20223
"2022-08-07",875,344,10,116782,1,2022,"2022-08-01","01.08","August 2022","2022-08-01",8,"2022-07-01",3,"Q3 2022",7,"07.08","2022-08-05","2022-07-31","2022-07-31","2022-06-30",20220807,20220801,202208,20223
"2022-08-08",19,17,5,830,0,2022,"2022-08-08","08.08","August 2022","2022-08-01",8,"2022-07-01",3,"Q3 2022",8,"08.08","2022-08-07","2022-08-07","2022-07-31","2022-06-30",20220808,20220808,202208,20223
"2022-08-09",955,350,10,123024,1,2022,"2022-08-08","08.08","August 2022","2022-08-01",8,"2022-07-01",3,"Q3 2022",9,"09.08","2022-08-07","2022-08-07","2022-07-31","2022-06-30",20220809,20220808,202208,20223
"2022-08-10",934,348,10,58402,1,2022,"2022-08-08","08.08","August 2022","2022-08-01",8,"2022-07-01",3,"Q3 2022",10,"10.08","2022-08-09","2022-08-07","2022-07-31","2022-06-30",20220810,20220808,202208,20223
"2022-08-11",938,348,10,57617,1,2022,"2022-08-08","08.08","August 2022","2022-08-01",8,"2022-07-01",3,"Q3 2022",11,"11.08","2022-08-10","2022-08-07","2022-07-31","2022-06-30",20220811,20220808,202208,20223
"2022-08-12",946,348,10,58072,1,2022,"2022-08-08","08.08","August 2022","2022-08-01",8,"2022-07-01",3,"Q3 2022",12,"12.08","2022-08-11","2022-08-07","2022-07-31","2022-06-30",20220812,20220808,202208,20223
"2022-08-13",926,347,10,57672,1,2022,"2022-08-08","08.08","August 2022","2022-08-01",8,"2022-07-01",3,"Q3 2022",13,"13.08","2022-08-12","2022-08-07","2022-07-31","2022-06-30",20220813,20220808,202208,20223
"2022-08-14",944,346,10,57398,1,2022,"2022-08-08","08.08","August 2022","2022-08-01",8,"2022-07-01",3,"Q3 2022",14,"14.08","2022-08-13","2022-08-07","2022-07-31","2022-06-30",20220814,20220808,202208,20223
"2022-08-15",14,12,7,10,0,2022,"2022-08-15","15.08","August 2022","2022-08-01",8,"2022-07-01",3,"Q3 2022",15,"15.08","2022-08-14","2022-08-14","2022-07-31","2022-06-30",20220815,20220815,202208,20223
"2022-08-16",952,347,10,58526,1,2022,"2022-08-15","15.08","August 2022","2022-08-01",8,"2022-07-01",3,"Q3 2022",16,"16.08","2022-08-14","2022-08-14","2022-07-31","2022-06-30",20220816,20220815,202208,20223
"2022-08-17",941,345,10,55946,1,2022,"2022-08-15","15.08","August 2022","2022-08-01",8,"2022-07-01",3,"Q3 2022",17,"17.08","2022-08-16","2022-08-14","2022-07-31","2022-06-30",20220817,20220815,202208,20223
"2022-08-18",942,344,10,109622,1,2022,"2022-08-15","15.08","August 2022","2022-08-01",8,"2022-07-01",3,"Q3 2022",18,"18.08","2022-08-17","2022-08-14","2022-07-31","2022-06-30",20220818,20220815,202208,20223
"2022-08-19",25,17,8,873,0,2022,"2022-08-15","15.08","August 2022","2022-08-01",8,"2022-07-01",3,"Q3 2022",19,"19.08","2022-08-18","2022-08-14","2022-07-31","2022-06-30",20220819,20220815,202208,20223
"2022-08-20",940,348,10,52786,1,2022,"2022-08-15","15.08","August 2022","2022-08-01",8,"2022-07-01",3,"Q3 2022",20,"20.08","2022-08-18","2022-08-14","2022-07-31","2022-06-30",20220820,20220815,202208,20223
"2022-08-21",934,347,10,105880,1,2022,"2022-08-15","15.08","August 2022","2022-08-01",8,"2022-07-01",3,"Q3 2022",21,"21.08","2022-08-20","2022-08-14","2022-07-31","2022-06-30",20220821,20220815,202208,20223
"2022-08-22",10,9,7,0,0,2022,"2022-08-22","22.08","August 2022","2022-08-01",8,"2022-07-01",3,"Q3 2022",22,"22.08","2022-08-21","2022-08-21","2022-07-31","2022-06-30",20220822,20220822,202208,20223
"2022-08-23",954,353,10,53665,1,2022,"2022-08-22","22.08","August 2022","2022-08-01",8,"2022-07-01",3,"Q3 2022",23,"23.08","2022-08-21","2022-08-21","2022-07-31","2022-06-30",20220823,20220822,202208,20223
"2022-08-24",936,352,10,50636,1,2022,"2022-08-22","22.08","August 2022","2022-08-01",8,"2022-07-01",3,"Q3 2022",24,"24.08","2022-08-23","2022-08-21","2022-07-31","2022-06-30",20220824,20220822,202208,20223
"2022-08-25",941,352,10,98488,1,2022,"2022-08-22","22.08","August 2022","2022-08-01",8,"2022-07-01",3,"Q3 2022",25,"25.08","2022-08-24","2022-08-21","2022-07-31","2022-06-30",20220825,20220822,202208,20223
"2022-08-26",30,21,8,704,0,2022,"2022-08-22","22.08","August 2022","2022-08-01",8,"2022-07-01",3,"Q3 2022",26,"26.08","2022-08-25","2022-08-21","2022-07-31","2022-06-30",20220826,20220822,202208,20223
"2022-08-27",929,350,10,48176,1,2022,"2022-08-22","22.08","August 2022","2022-08-01",8,"2022-07-01",3,"Q3 2022",27,"27.08","2022-08-25","2022-08-21","2022-07-31","2022-06-30",20220827,20220822,202208,20223
"2022-08-28",939,347,10,101130,1,2022,"2022-08-22","22.08","August 2022","2022-08-01",8,"2022-07-01",3,"Q3 2022",28,"28.08","2022-08-27","2022-08-21","2022-07-31","2022-06-30",20220828,20220822,202208,20223
"2022-08-29",14,14,7,0,0,2022,"2022-08-29","29.08","August 2022","2022-08-01",8,"2022-07-01",3,"Q3 2022",29,"29.08","2022-08-28","2022-08-28","2022-07-31","2022-06-30",20220829,20220829,202208,20223
"2022-08-30",954,348,10,51003,1,2022,"2022-08-29","29.08","August 2022","2022-08-01",8,"2022-07-01",3,"Q3 2022",30,"30.08","2022-08-28","2022-08-28","2022-07-31","2022-06-30",20220830,20220829,202208,20223
"2022-08-31",941,347,10,49319,1,2022,"2022-08-29","29.08","August 2022","2022-08-01",8,"2022-07-01",3,"Q3 2022",31,"31.08","2022-08-30","2022-08-28","2022-07-31","2022-06-30",20220831,20220829,202208,20223
"2022-09-01",946,346,10,100948,1,2022,"2022-08-29","29.08","September 2022","2022-09-01",9,"2022-07-01",3,"Q3 2022",1,"01.09","2022-08-31","2022-08-28","2022-08-31","2022-06-30",20220901,20220829,202209,20223
"2022-09-02",27,26,7,433,0,2022,"2022-08-29","29.08","September 2022","2022-09-01",9,"2022-07-01",3,"Q3 2022",2,"02.09","2022-09-01","2022-08-28","2022-08-31","2022-06-30",20220902,20220829,202209,20223
"2022-09-03",921,345,10,48927,1,2022,"2022-08-29","29.08","September 2022","2022-09-01",9,"2022-07-01",3,"Q3 2022",3,"03.09","2022-09-01","2022-08-28","2022-08-31","2022-06-30",20220903,20220829,202209,20223
"2022-09-04",916,345,10,96394,1,2022,"2022-08-29","29.08","September 2022","2022-09-01",9,"2022-07-01",3,"Q3 2022",4,"04.09","2022-09-03","2022-08-28","2022-08-31","2022-06-30",20220904,20220829,202209,20223
"2022-09-05",904,345,10,47298,1,2022,"2022-09-05","05.09","September 2022","2022-09-01",9,"2022-07-01",3,"Q3 2022",5,"05.09","2022-09-04","2022-09-04","2022-08-31","2022-06-30",20220905,20220905,202209,20223
"2022-09-06",900,343,10,46365,1,2022,"2022-09-05","05.09","September 2022","2022-09-01",9,"2022-07-01",3,"Q3 2022",6,"06.09","2022-09-05","2022-09-04","2022-08-31","2022-06-30",20220906,20220905,202209,20223
"2022-09-07",31,31,8,0,0,2022,"2022-09-05","05.09","September 2022","2022-09-01",9,"2022-07-01",3,"Q3 2022",7,"07.09","2022-09-06","2022-09-04","2022-08-31","2022-06-30",20220907,20220905,202209,20223
"2022-09-08",876,344,10,44414,1,2022,"2022-09-05","05.09","September 2022","2022-09-01",9,"2022-07-01",3,"Q3 2022",8,"08.09","2022-09-06","2022-09-04","2022-08-31","2022-06-30",20220908,20220905,202209,20223
"2022-09-09",873,341,10,43775,1,2022,"2022-09-05","05.09","September 2022","2022-09-01",9,"2022-07-01",3,"Q3 2022",9,"09.09","2022-09-08","2022-09-04","2022-08-31","2022-06-30",20220909,20220905,202209,20223
"2022-09-10",856,341,10,42631,1,2022,"2022-09-05","05.09","September 2022","2022-09-01",9,"2022-07-01",3,"Q3 2022",10,"10.09","2022-09-09","2022-09-04","2022-08-31","2022-06-30",20220910,20220905,202209,20223
"2022-09-11",842,339,10,41723,1,2022,"2022-09-05","05.09","September 2022","2022-09-01",9,"2022-07-01",3,"Q3 2022",11,"11.09","2022-09-10","2022-09-04","2022-08-31","2022-06-30",20220911,20220905,202209,20223
"2022-09-12",833,338,10,40615,1,2022,"2022-09-12","12.09","September 2022","2022-09-01",9,"2022-07-01",3,"Q3 2022",12,"12.09","2022-09-11","2022-09-11","2022-08-31","2022-06-30",20220912,20220912,202209,20223
"2022-09-13",861,336,10,50800,1,2022,"2022-09-12","12.09","September 2022","2022-09-01",9,"2022-07-01",3,"Q3 2022",13,"13.09","2022-09-12","2022-09-11","2022-08-31","2022-06-30",20220913,20220912,202209,20223
"2022-09-14",894,340,11,49750,1,2022,"2022-09-12","12.09","September 2022","2022-09-01",9,"2022-07-01",3,"Q3 2022",14,"14.09","2022-09-13","2022-09-11","2022-08-31","2022-06-30",20220914,20220912,202209,20223
